 MZ00083	2
 MZ00087	2
 MZ00089	2
 MZ00101	12
 MZ00103	1
 MZ00105	24
 MZ00106	24
 MZ00107	67
 MZ00108	3
 MZ00109	65
 MZ00110	201
 MZ00111	126
 MZ00112	2
 MZ00113	7
 MZ00114	7
 MZ00115	15
 MZ00116	1
 MZ00117	3
 MZ00118	2
 MZ00119	13
 MZ00120	9
 MZ00121	112
 MZ00122	35
 MZ00123	11
 MZ00124	5
 MZ00125	6
 MZ00126	11
 MZ00127	6
 MZ00128	16
 MZ00129	4
 MZ00131	3
 MZ00132	5
 MZ00133	30
 MZ00134	8
 MZ00135	17
 MZ00136	50
 MZ00137	146
 MZ00138	72
 MZ00139	14
 MZ00141	8
 MZ00142	4
 MZ00143	43
 MZ00144	3
 MZ00145	6
 MZ00148	135
 MZ00149	871
 MZ00150	3
 MZ00151	2
 MZ00153	5
 MZ00154	25
 MZ00155	29
 MZ00156	2
 MZ00157	5
 MZ00158	22
 MZ00159	12
 MZ00160	11
 MZ00161	146
 MZ00162	9
 MZ00163	14
 MZ00164	3
 MZ00165	7
 MZ00166	19
 MZ00167	39
 MZ00168	5
 MZ00169	9
 MZ00170	5
 MZ00171	13
 MZ00172	20
 MZ00173	27
 MZ00174	3
 MZ00175	18
 MZ00176	89
 MZ00177	390
 MZ00178	6
 MZ00179	5
 MZ00180	4
 MZ00181	3
 MZ00182	21
 MZ00183	34
 MZ00184	7
 MZ00185	1
 MZ00186	8
 MZ00187	9
 MZ00188	12
 MZ00189	60
 MZ00190	12
 MZ00191	16
 MZ00192	5
 MZ00193	5
 MZ00194	8
 MZ00195	8
 MZ00196	1
 MZ00197	3
 MZ00198	25
 MZ00199	43
 MZ00200	92
 MZ00201	25
 MZ00202	43
 MZ00203	105
 MZ00204	192
 MZ00205	247
 MZ00206	40
 MZ00207	17
 MZ00208	131
 MZ00209	51
 MZ00210	81
 MZ00211	43
 MZ00212	83
 MZ00213	16
 MZ00214	59
 MZ00215	29
 MZ00216	47
 MZ00217	255
 MZ00218	13
 MZ00219	104
 MZ00220	9
 MZ00221	215
 MZ00222	52
 MZ00223	347
 MZ00224	14
 MZ00225	78
 MZ00226	99
 MZ00227	257
 MZ00228	183
 MZ00229	94
 MZ00230	73
 MZ00231	22
 MZ00232	83
 MZ00233	10
 MZ00234	143
 MZ00235	313
 MZ00236	65
 MZ00237	20
 MZ00238	42
 MZ00239	140
 MZ00240	108
 MZ00241	41
 MZ00242	68
 MZ00243	22
 MZ00244	160
 MZ00245	11
 MZ00246	73
 MZ00247	37
 MZ00248	20
 MZ00249	48
 MZ00250	646
 MZ00251	1827
 MZ00252	452
 MZ00253	1452
 MZ00254	173
 MZ00255	971
 MZ00256	762
 MZ00257	762
 MZ00258	466
 MZ00259	327
 MZ00260	446
 MZ00261	531
 MZ00262	409
 MZ00263	973
 MZ00264	236
 MZ00265	863
 MZ00266	170
 MZ00267	2043
 MZ00268	199
 MZ00269	1559
 MZ00270	265
 MZ00271	1451
 MZ00272	825
 MZ00273	553
 MZ00274	406
 MZ00275	683
 MZ00276	740
 MZ00277	1053
 MZ00278	376
 MZ00279	1374
 MZ00280	547
 MZ00281	1669
 MZ00282	549
 MZ00283	1135
 MZ00284	573
 MZ00285	1135
 MZ00286	712
 MZ00287	438
 MZ00288	1653
 MZ00289	381
 MZ00290	833
 MZ00291	769
 MZ00292	350
 MZ00293	2367
 MZ00294	945
 MZ00295	1623
 MZ00296	366
 MZ00297	966
 MZ00298	193
 MZ00299	840
 MZ00300	4735
 MZ00301	4601
 MZ00302	5667
 MZ00303	2868
 MZ00304	8390
 MZ00305	1214
 MZ00306	4299
 MZ00307	3710
 MZ00308	5611
 MZ00309	3154
 MZ00310	4275
 MZ00311	4309
 MZ00312	5743
 MZ00313	2834
 MZ00314	3558
 MZ00315	3653
 MZ00316	6089
 MZ00317	2554
 MZ00318	4231
 MZ00319	1812
 MZ00320	4270
 MZ00321	2582
 MZ00322	3441
 MZ00323	4103
 MZ00324	5088
 MZ00325	6300
 MZ00326	4741
 MZ00327	7998
 MZ00328	4748
 MZ00329	5489
 MZ00330	4640
 MZ00331	2668
 MZ00332	5753
 MZ00333	2332
 MZ00334	4310
 MZ00335	3550
 MZ00336	3318
 MZ00337	3518
 MZ00338	2965
 MZ00339	3042
 MZ00340	5332
 MZ00341	5306
 MZ00342	4040
 MZ00343	4575
 MZ00344	3796
 MZ00345	3905
 MZ00346	2398
 MZ00347	3073
 MZ00348	2914
 MZ00349	2835
 MZ00350	5657
 MZ00351	7769
 MZ00352	6492
 MZ00353	6515
 MZ00354	4549
 MZ00355	6496
 MZ00356	6130
 MZ00357	9013
 MZ00358	6985
 MZ00359	9673
 MZ00360	6762
 MZ00361	6814
 MZ00362	8861
 MZ00363	6657
 MZ00364	5389
 MZ00365	6779
 MZ00366	7962
 MZ00367	7458
 MZ00368	6015
 MZ00369	7060
 MZ00370	6615
 MZ00371	13549
 MZ00372	11071
 MZ00373	12449
 MZ00374	8673
 MZ00375	19539
 MZ00376	16849
 MZ00377	14093
 MZ00378	13698
 MZ00379	17205
 MZ00380	17213
 MZ00381	19569
 MZ00382	16733
 MZ00383	18779
 MZ00384	22227
 MZ00385	19845
 MZ00386	19912
 MZ00387	25085
 MZ00388	23133
 MZ00389	17831
 MZ00390	17803
 MZ00391	24524
 MZ00392	16165
 MZ00393	17712
 MZ00394	17485
 MZ00395	21457
 MZ00396	20103
 MZ00397	22268
 MZ00398	18094
 MZ00399	19398
 MZ00400	32321
 MZ00401	62570
 MZ00402	34110
 MZ00403	35765
 MZ00404	42398
 MZ00405	40115
 MZ00406	34907
 MZ00407	35468
 MZ00408	43357
 MZ00409	39565
 MZ00410	27490
 MZ00411	29867
 MZ00412	31968
 MZ00413	37325
 MZ00414	31440
 MZ00415	40253
 MZ00416	40485
 MZ00417	31988
 MZ00418	30934
 MZ00419	41774
 MZ00420	34214
 MZ00421	44234
 MZ00422	27765
 MZ00423	42333
 MZ00424	30559
 MZ00425	36318
 MZ00426	27078
 MZ00427	36174
 MZ00428	27447
 MZ00429	86320
 MZ00430	31768
 MZ00431	32138
 MZ00432	43377
 MZ00433	37199
 MZ00434	40812
 MZ00435	40284
 MZ00436	56983
 MZ00437	36993
 MZ00438	33946
 MZ00439	31762
 MZ00440	32680
 MZ00441	35200
 MZ00442	28743
 MZ00443	20992
 MZ00444	32130
 MZ00445	131966
 MZ00446	31342
 MZ00447	38982
 MZ00448	28795
 MZ00449	38894
 MZ00450	40010
 MZ00451	43386
 MZ00452	36205
 MZ00453	45257
 MZ00454	36197
 MZ00455	32414
 MZ00456	33638
 MZ00457	41610
 MZ00458	43783
 MZ00459	47534
 MZ00460	33098
 MZ00461	45515
 MZ00462	83568
 MZ00463	38578
 MZ00464	44157
 MZ00465	38753
 MZ00466	35259
 MZ00467	45268
 MZ00468	31469
 MZ00469	35417
 MZ00470	38291
 MZ00471	40686
 MZ00472	45187
 MZ00473	48323
 MZ00474	43939
 MZ00475	41927
 MZ00476	52379
 MZ00477	42909
 MZ00478	38325
 MZ00479	42849
 MZ00480	47340
 MZ00481	44902
 MZ00482	37210
 MZ00483	40496
 MZ00484	35392
 MZ00485	38030
 MZ00486	39668
 MZ00487	49310
 MZ00488	52722
 MZ00489	49971
 MZ00490	41497
 MZ00491	44875
 MZ00492	43044
 MZ00493	44590
 MZ00494	48922
 MZ00495	48709
 MZ00496	44149
 MZ00497	44589
 MZ00498	41718
 MZ00499	39299
 MZ00500	46544
 MZ00501	48265
 MZ00502	43216
 MZ00503	48013
 MZ00504	43685
 MZ00505	42401
 MZ00506	42891
 MZ00507	47867
 MZ00508	47969
 MZ00509	48012
 MZ00510	45869
 MZ00511	49333
 MZ00512	41386
 MZ00513	44176
 MZ00514	43923
 MZ00515	47217
 MZ00516	52805
 MZ00517	43831
 MZ00518	54560
 MZ00519	71852
 MZ00520	52409
 MZ00521	58641
 MZ00522	81743
 MZ00523	77733
 MZ00524	50475
 MZ00525	45750
 MZ00526	42431
 MZ00527	40473
 MZ00528	40634
 MZ00529	42171
 MZ00530	47622
 MZ00531	45602
 MZ00532	44927
 MZ00533	50975
 MZ00534	37316
 MZ00535	48033
 MZ00536	99662
 MZ00537	47037
 MZ00538	56463
 MZ00539	47472
 MZ00540	46700
 MZ00541	49506
 MZ00542	42205
 MZ00543	44840
 MZ00544	48152
 MZ00545	48874
 MZ00546	48002
 MZ00547	50168
 MZ00548	44133
 MZ00549	47665
 MZ00550	63471
 MZ00551	44868
 MZ00552	47366
 MZ00553	50639
 MZ00554	50061
 MZ00555	55246
 MZ00556	44305
 MZ00557	50497
 MZ00558	49861
 MZ00559	55678
 MZ00560	56191
 MZ00561	48108
 MZ00562	43762
 MZ00563	52095
 MZ00564	55828
 MZ00565	48426
 MZ00566	52241
 MZ00567	53055
 MZ00568	51574
 MZ00569	46281
 MZ00570	45893
 MZ00571	48117
 MZ00572	47949
 MZ00573	51335
 MZ00574	48249
 MZ00575	56208
 MZ00576	50951
 MZ00577	54120
 MZ00578	49985
 MZ00579	51173
 MZ00580	46283
 MZ00581	56508
 MZ00582	50980
 MZ00583	45515
 MZ00584	44945
 MZ00585	49795
 MZ00586	49405
 MZ00587	48687
 MZ00588	48909
 MZ00589	47437
 MZ00590	50229
 MZ00591	41497
 MZ00592	53477
 MZ00593	49387
 MZ00594	49096
 MZ00595	54405
 MZ00596	51588
 MZ00597	47551
 MZ00598	45845
 MZ00599	56950
 MZ00600	46404
 MZ00601	51190
 MZ00602	48893
 MZ00603	48719
 MZ00604	48107
 MZ00605	45366
 MZ00606	50641
 MZ00607	51290
 MZ00608	53469
 MZ00609	57518
 MZ00610	91388
 MZ00611	64164
 MZ00612	53121
 MZ00613	51099
 MZ00614	45930
 MZ00615	49467
 MZ00616	51233
 MZ00617	47335
 MZ00618	44991
 MZ00619	47053
 MZ00620	48972
 MZ00621	47385
 MZ00622	45340
 MZ00623	45517
 MZ00624	42083
 MZ00625	54511
 MZ00626	48156
 MZ00627	44785
 MZ00628	45829
 MZ00629	47016
 MZ00630	43583
 MZ00631	53968
 MZ00632	42205
 MZ00633	45889
 MZ00634	50190
 MZ00635	44128
 MZ00636	43944
 MZ00637	58343
 MZ00638	48918
 MZ00639	47155
 MZ00640	45380
 MZ00641	41854
 MZ00642	45931
 MZ00643	47776
 MZ00644	53324
 MZ00645	48797
 MZ00646	40554
 MZ00647	47747
 MZ00648	43235
 MZ00649	43138
 MZ00650	42285
 MZ00651	52377
 MZ00652	67836
 MZ00653	44916
 MZ00654	46189
 MZ00655	43836
 MZ00656	46019
 MZ00657	54765
 MZ00658	46546
 MZ00659	46434
 MZ00660	46573
 MZ00661	43976
 MZ00662	42696
 MZ00663	39930
 MZ00664	44340
 MZ00665	42288
 MZ00666	49584
 MZ00667	42107
 MZ00668	43291
 MZ00669	44107
 MZ00670	44820
 MZ00671	42997
 MZ00672	48417
 MZ00673	50602
 MZ00674	54924
 MZ00675	41646
 MZ00676	42311
 MZ00677	43248
 MZ00678	40603
 MZ00679	45326
 MZ00680	44273
 MZ00681	43591
 MZ00682	42070
 MZ00683	46601
 MZ00684	46822
 MZ00685	39497
 MZ00686	51419
 MZ00687	40423
 MZ00688	38538
 MZ00689	36862
 MZ00690	38637
 MZ00691	39914
 MZ00692	40942
 MZ00693	38331
 MZ00694	42592
 MZ00695	42094
 MZ00696	46044
 MZ00697	40548
 MZ00698	37782
 MZ00699	39047
 MZ00700	43547
 MZ00701	43526
 MZ00702	46975
 MZ00703	41194
 MZ00704	43417
 MZ00705	36977
 MZ00706	40341
 MZ00707	35847
 MZ00708	42295
 MZ00709	39883
 MZ00710	42282
 MZ00711	36456
 MZ00712	35895
 MZ00713	38952
 MZ00714	38618
 MZ00715	38775
 MZ00716	37425
 MZ00717	39905
 MZ00718	37351
 MZ00719	34166
 MZ00720	37465
 MZ00721	38899
 MZ00722	38893
 MZ00723	40367
 MZ00724	37723
 MZ00725	35198
 MZ00726	33223
 MZ00727	33977
 MZ00728	35690
 MZ00729	45246
 MZ00730	42811
 MZ00731	38263
 MZ00732	33860
 MZ00733	34772
 MZ00734	33845
 MZ00735	35464
 MZ00736	30181
 MZ00737	39822
 MZ00738	48277
 MZ00739	33850
 MZ00740	40798
 MZ00741	32090
 MZ00742	36126
 MZ00743	37037
 MZ00744	40574
 MZ00745	34550
 MZ00746	32637
 MZ00747	36563
 MZ00748	34265
 MZ00749	31361
 MZ00750	32267
 MZ00751	30428
 MZ00752	32565
 MZ00753	31534
 MZ00754	33485
 MZ00755	33710
 MZ00756	32770
 MZ00757	36119
 MZ00758	57754
 MZ00759	38862
 MZ00760	38877
 MZ00761	34246
 MZ00762	33471
 MZ00763	32005
 MZ00764	33375
 MZ00765	36922
 MZ00766	40875
 MZ00767	33275
 MZ00768	31594
 MZ00769	29628
 MZ00770	31523
 MZ00771	35194
 MZ00772	35207
 MZ00773	36697
 MZ00774	35202
 MZ00775	33355
 MZ00776	31297
 MZ00777	28329
 MZ00778	29528
 MZ00779	28661
 MZ00780	29524
 MZ00781	31910
 MZ00782	31751
 MZ00783	32106
 MZ00784	44881
 MZ00785	32365
 MZ00786	32621
 MZ00787	29019
 MZ00788	29937
 MZ00789	33318
 MZ00790	31013
 MZ00791	27631
 MZ00792	26555
 MZ00793	28853
 MZ00794	27761
 MZ00795	30658
 MZ00796	29564
 MZ00797	31271
 MZ00798	26706
 MZ00799	27533
 MZ00800	32966
 MZ00801	32935
 MZ00802	30854
 MZ00803	30136
 MZ00804	27825
 MZ00805	28394
 MZ00806	29802
 MZ00807	29646
 MZ00808	30374
 MZ00809	31848
 MZ00810	30125
 MZ00811	30028
 MZ00812	29210
 MZ00813	28658
 MZ00814	28380
 MZ00815	32399
 MZ00816	29577
 MZ00817	29297
 MZ00818	26175
 MZ00819	27420
 MZ00820	30182
 MZ00821	28715
 MZ00822	28107
 MZ00823	28551
 MZ00824	27775
 MZ00825	27914
 MZ00826	26341
 MZ00827	25998
 MZ00828	26169
 MZ00829	32433
 MZ00830	30803
 MZ00831	30769
 MZ00832	28795
 MZ00833	31385
 MZ00834	29340
 MZ00835	28468
 MZ00836	25680
 MZ00837	28990
 MZ00838	33295
 MZ00839	50424
 MZ00840	46168
 MZ00841	25733
 MZ00842	27884
 MZ00843	25291
 MZ00844	26931
 MZ00845	25599
 MZ00846	29093
 MZ00847	23373
 MZ00848	23683
 MZ00849	27613
 MZ00850	25484
 MZ00851	27375
 MZ00852	25584
 MZ00853	25106
 MZ00854	28441
 MZ00855	23827
 MZ00856	24803
 MZ00857	22062
 MZ00858	25441
 MZ00859	25341
 MZ00860	24092
 MZ00861	22174
 MZ00862	27303
 MZ00863	25440
 MZ00864	23188
 MZ00865	22148
 MZ00866	21781
 MZ00867	26742
 MZ00868	28162
 MZ00869	23290
 MZ00870	24445
 MZ00871	28348
 MZ00872	22924
 MZ00873	22974
 MZ00874	26127
 MZ00875	22436
 MZ00876	23844
 MZ00877	22283
 MZ00878	24227
 MZ00879	23541
 MZ00880	24720
 MZ00881	21877
 MZ00882	22454
 MZ00883	22750
 MZ00884	21108
 MZ00885	25195
 MZ00886	22491
 MZ00887	23153
 MZ00888	23555
 MZ00889	22973
 MZ00890	24601
 MZ00891	21738
 MZ00892	23187
 MZ00893	22323
 MZ00894	22442
 MZ00895	23932
 MZ00896	23940
 MZ00897	24074
 MZ00898	23819
 MZ00899	22880
 MZ00900	24316
 MZ00901	21913
 MZ00902	22210
 MZ00903	21391
 MZ00904	21552
 MZ00905	18386
 MZ00906	23712
 MZ00907	21340
 MZ00908	22934
 MZ00909	21341
 MZ00910	20845
 MZ00911	21789
 MZ00912	21644
 MZ00913	21817
 MZ00914	22363
 MZ00915	21517
 MZ00916	20176
 MZ00917	24058
 MZ00918	20165
 MZ00919	20716
 MZ00920	21943
 MZ00921	19621
 MZ00922	22147
 MZ00923	20737
 MZ00924	22095
 MZ00925	19934
 MZ00926	18681
 MZ00927	24010
 MZ00928	19870
 MZ00929	19298
 MZ00930	20253
 MZ00931	19987
 MZ00932	19425
 MZ00933	18368
 MZ00934	19801
 MZ00935	17479
 MZ00936	19696
 MZ00937	21725
 MZ00938	21467
 MZ00939	19020
 MZ00940	18044
 MZ00941	19259
 MZ00942	20351
 MZ00943	31405
 MZ00944	17703
 MZ00945	19259
 MZ00946	18439
 MZ00947	19033
 MZ00948	18881
 MZ00949	15828
 MZ00950	20488
 MZ00951	22641
 MZ00952	15972
 MZ00953	17120
 MZ00954	18014
 MZ00955	17769
 MZ00956	19309
 MZ00957	18480
 MZ00958	16685
 MZ00959	19066
 MZ00960	18259
 MZ00961	18694
 MZ00962	15826
 MZ00963	16951
 MZ00964	18037
 MZ00965	17453
 MZ00966	21203
 MZ00967	15632
 MZ00968	18279
 MZ00969	20029
 MZ00970	17407
 MZ00971	19092
 MZ00972	16761
 MZ00973	19205
 MZ00974	18567
 MZ00975	16429
 MZ00976	15703
 MZ00977	17748
 MZ00978	15593
 MZ00979	16626
 MZ00980	16196
 MZ00981	15550
 MZ00982	15432
 MZ00983	18717
 MZ00984	14551
 MZ00985	16751
 MZ00986	15813
 MZ00987	15286
 MZ00988	18102
 MZ00989	16825
 MZ00990	16379
 MZ00991	16432
 MZ00992	17102
 MZ00993	19295
 MZ00994	19378
 MZ00995	16862
 MZ00996	15615
 MZ00997	21201
 MZ00998	26330
 MZ00999	20142
 MZ01000	17703
 MZ01001	15632
 MZ01002	15409
 MZ01003	14260
 MZ01004	15773
 MZ01005	15615
 MZ01006	15524
 MZ01007	15340
 MZ01008	15719
 MZ01009	17868
 MZ01010	15844
 MZ01011	18085
 MZ01012	15440
 MZ01013	17573
 MZ01014	17262
 MZ01015	16390
 MZ01016	14935
 MZ01017	17209
 MZ01018	14288
 MZ01019	14359
 MZ01020	13090
 MZ01021	13832
 MZ01022	14903
 MZ01023	17037
 MZ01024	15298
 MZ01025	15143
 MZ01026	15349
 MZ01027	17279
 MZ01028	16659
 MZ01029	16649
 MZ01030	14678
 MZ01031	14686
 MZ01032	15482
 MZ01033	14576
 MZ01034	13727
 MZ01035	14241
 MZ01036	12998
 MZ01037	14122
 MZ01038	13746
 MZ01039	14039
 MZ01040	13213
 MZ01041	13811
 MZ01042	13606
 MZ01043	15730
 MZ01044	14985
 MZ01045	15731
 MZ01046	13293
 MZ01047	15099
 MZ01048	15194
 MZ01049	14190
 MZ01050	13419
 MZ01051	14552
 MZ01052	14527
 MZ01053	13916
 MZ01054	12159
 MZ01055	13030
 MZ01056	14744
 MZ01057	14934
 MZ01058	11719
 MZ01059	11216
 MZ01060	12513
 MZ01061	13973
 MZ01062	12836
 MZ01063	13614
 MZ01064	12411
 MZ01065	12438
 MZ01066	12244
 MZ01067	14567
 MZ01068	13482
 MZ01069	13258
 MZ01070	13132
 MZ01071	13439
 MZ01072	13568
 MZ01073	14566
 MZ01074	14968
 MZ01075	15558
 MZ01076	13936
 MZ01077	12469
 MZ01078	12497
 MZ01079	13466
 MZ01080	12928
 MZ01081	11531
 MZ01082	17466
 MZ01083	12138
 MZ01084	12456
 MZ01085	13102
 MZ01086	14610
 MZ01087	14481
 MZ01088	15294
 MZ01089	14233
 MZ01090	17259
 MZ01091	13309
 MZ01092	10787
 MZ01093	11594
 MZ01094	11795
 MZ01095	12266
 MZ01096	11989
 MZ01097	11419
 MZ01098	11514
 MZ01099	14387
 MZ01100	18936
 MZ01101	21086
 MZ01102	21464
 MZ01103	17555
 MZ01104	14639
 MZ01105	11872
 MZ01106	14583
 MZ01107	11957
 MZ01108	12612
 MZ01109	11968
 MZ01110	11260
 MZ01111	11229
 MZ01112	12389
 MZ01113	14832
 MZ01114	12468
 MZ01115	11635
 MZ01116	11317
 MZ01117	12463
 MZ01118	12335
 MZ01119	10943
 MZ01120	12275
 MZ01121	11706
 MZ01122	12374
 MZ01123	11793
 MZ01124	11122
 MZ01125	11069
 MZ01126	12132
 MZ01127	11382
 MZ01128	11685
 MZ01129	11274
 MZ01130	12710
 MZ01131	13478
 MZ01132	13079
 MZ01133	10864
 MZ01134	10220
 MZ01135	10435
 MZ01136	10515
 MZ01137	12997
 MZ01138	9392
 MZ01139	11924
 MZ01140	12209
 MZ01141	13244
 MZ01142	12582
 MZ01143	12595
 MZ01144	12232
 MZ01145	10896
 MZ01146	9934
 MZ01147	11230
 MZ01148	9915
 MZ01149	13369
 MZ01150	12930
 MZ01151	10875
 MZ01152	10251
 MZ01153	9851
 MZ01154	8980
 MZ01155	9886
 MZ01156	10110
 MZ01157	10904
 MZ01158	12143
 MZ01159	11022
 MZ01160	9368
 MZ01161	10789
 MZ01162	10492
 MZ01163	9996
 MZ01164	9364
 MZ01165	11572
 MZ01166	10657
 MZ01167	10444
 MZ01168	9879
 MZ01169	11494
 MZ01170	9448
 MZ01171	10513
 MZ01172	8957
 MZ01173	9988
 MZ01174	10103
 MZ01175	10608
 MZ01176	9363
 MZ01177	10095
 MZ01178	9618
 MZ01179	10328
 MZ01180	11093
 MZ01181	10169
 MZ01182	10058
 MZ01183	10540
 MZ01184	11142
 MZ01185	10351
 MZ01186	10321
 MZ01187	9187
 MZ01188	8718
 MZ01189	9773
 MZ01190	8790
 MZ01191	10692
 MZ01192	11112
 MZ01193	9374
 MZ01194	10717
 MZ01195	10548
 MZ01196	12251
 MZ01197	12482
 MZ01198	11908
 MZ01199	12662
 MZ01200	10849
 MZ01201	10411
 MZ01202	8424
 MZ01203	9530
 MZ01204	9574
 MZ01205	10101
 MZ01206	9033
 MZ01207	8437
 MZ01208	9850
 MZ01209	8575
 MZ01210	9056
 MZ01211	9735
 MZ01212	7891
 MZ01213	9927
 MZ01214	8778
 MZ01215	9623
 MZ01216	9014
 MZ01217	7834
 MZ01218	8244
 MZ01219	7972
 MZ01220	8474
 MZ01221	10027
 MZ01222	9802
 MZ01223	8690
 MZ01224	7912
 MZ01225	9454
 MZ01226	10480
 MZ01227	9562
 MZ01228	9004
 MZ01229	8583
 MZ01230	7883
 MZ01231	9156
 MZ01232	10251
 MZ01233	9467
 MZ01234	7954
 MZ01235	8591
 MZ01236	9246
 MZ01237	8620
 MZ01238	8463
 MZ01239	7929
 MZ01240	7106
 MZ01241	8527
 MZ01242	9203
 MZ01243	8124
 MZ01244	7757
 MZ01245	8217
 MZ01246	8576
 MZ01247	8585
 MZ01248	7398
 MZ01249	8725
 MZ01250	8650
 MZ01251	9184
 MZ01252	8791
 MZ01253	8924
 MZ01254	7930
 MZ01255	7755
 MZ01256	8203
 MZ01257	7602
 MZ01258	8280
 MZ01259	8825
 MZ01260	8791
 MZ01261	8663
 MZ01262	7618
 MZ01263	8016
 MZ01264	9058
 MZ01265	8195
 MZ01266	6917
 MZ01267	8075
 MZ01268	9184
 MZ01269	7505
 MZ01270	7902
 MZ01271	7577
 MZ01272	7441
 MZ01273	8086
 MZ01274	8964
 MZ01275	10562
 MZ01276	9991
 MZ01277	7988
 MZ01278	7513
 MZ01279	7541
 MZ01280	7628
 MZ01281	6749
 MZ01282	7745
 MZ01283	8722
 MZ01284	8116
 MZ01285	7493
 MZ01286	8313
 MZ01287	7965
 MZ01288	8101
 MZ01289	7855
 MZ01290	8998
 MZ01291	7676
 MZ01292	9037
 MZ01293	10657
 MZ01294	10976
 MZ01295	7563
 MZ01296	6588
 MZ01297	7191
 MZ01298	8205
 MZ01299	7809
 MZ01300	7319
 MZ01301	8399
 MZ01302	7934
 MZ01303	7318
 MZ01304	8044
 MZ01305	6160
 MZ01306	7854
 MZ01307	8064
 MZ01308	6952
 MZ01309	9087
 MZ01310	7246
 MZ01311	6698
 MZ01312	7216
 MZ01313	8164
 MZ01314	8534
 MZ01315	6757
 MZ01316	8013
 MZ01317	6976
 MZ01318	7361
 MZ01319	7832
 MZ01320	7409
 MZ01321	7508
 MZ01322	6871
 MZ01323	6926
 MZ01324	7338
 MZ01325	6761
 MZ01326	6888
 MZ01327	6931
 MZ01328	7107
 MZ01329	7506
 MZ01330	6504
 MZ01331	8105
 MZ01332	7920
 MZ01333	7457
 MZ01334	6680
 MZ01335	6236
 MZ01336	7221
 MZ01337	7933
 MZ01338	7418
 MZ01339	7617
 MZ01340	7730
 MZ01341	7750
 MZ01342	8016
 MZ01343	7309
 MZ01344	6924
 MZ01345	7022
 MZ01346	7432
 MZ01347	7418
 MZ01348	7159
 MZ01349	6675
 MZ01350	6719
 MZ01351	7304
 MZ01352	8060
 MZ01353	7385
 MZ01354	7825
 MZ01355	6601
 MZ01356	6498
 MZ01357	7099
 MZ01358	7157
 MZ01359	7261
 MZ01360	6646
 MZ01361	7026
 MZ01362	6201
 MZ01363	6433
 MZ01364	6648
 MZ01365	7264
 MZ01366	7874
 MZ01367	7120
 MZ01368	7352
 MZ01369	7133
 MZ01370	8123
 MZ01371	6536
 MZ01372	6966
 MZ01373	7425
 MZ01374	5852
 MZ01375	6321
 MZ01376	7247
 MZ01377	6203
 MZ01378	6597
 MZ01379	6286
 MZ01380	6850
 MZ01381	5981
 MZ01382	6454
 MZ01383	7438
 MZ01384	6395
 MZ01385	7048
 MZ01386	7024
 MZ01387	6620
 MZ01388	6335
 MZ01389	6466
 MZ01390	7614
 MZ01391	7123
 MZ01392	6810
 MZ01393	7521
 MZ01394	7679
 MZ01395	7345
 MZ01396	6767
 MZ01397	7073
 MZ01398	6009
 MZ01399	6344
 MZ01400	6232
 MZ01401	5503
 MZ01402	5629
 MZ01403	6312
 MZ01404	6864
 MZ01405	5288
 MZ01406	6581
 MZ01407	5214
 MZ01408	7394
 MZ01409	7342
 MZ01410	7262
 MZ01411	6278
 MZ01412	5966
 MZ01413	5329
 MZ01414	5953
 MZ01415	6800
 MZ01416	6510
 MZ01417	5130
 MZ01418	6465
 MZ01419	6173
 MZ01420	6051
 MZ01421	7064
 MZ01422	6542
 MZ01423	6336
 MZ01424	5859
 MZ01425	6659
 MZ01426	5576
 MZ01427	5991
 MZ01428	6286
 MZ01429	5684
 MZ01430	6438
 MZ01431	6024
 MZ01432	6573
 MZ01433	6655
 MZ01434	6609
 MZ01435	5845
 MZ01436	6614
 MZ01437	7056
 MZ01438	6237
 MZ01439	7511
 MZ01440	6012
 MZ01441	6425
 MZ01442	6525
 MZ01443	5632
 MZ01444	6401
 MZ01445	6709
 MZ01446	5364
 MZ01447	5457
 MZ01448	6201
 MZ01449	5599
 MZ01450	5559
 MZ01451	6577
 MZ01452	6423
 MZ01453	6566
 MZ01454	6214
 MZ01455	6026
 MZ01456	5868
 MZ01457	7015
 MZ01458	4772
 MZ01459	5448
 MZ01460	6099
 MZ01461	5020
 MZ01462	5606
 MZ01463	6868
 MZ01464	5171
 MZ01465	6435
 MZ01466	6125
 MZ01467	6091
 MZ01468	5628
 MZ01469	6055
 MZ01470	5354
 MZ01471	5287
 MZ01472	5860
 MZ01473	5988
 MZ01474	4781
 MZ01475	5757
 MZ01476	5393
 MZ01477	5169
 MZ01478	5943
 MZ01479	6023
 MZ01480	5578
 MZ01481	6499
 MZ01482	5271
 MZ01483	6266
 MZ01484	5634
 MZ01485	5185
 MZ01486	5777
 MZ01487	6122
 MZ01488	6208
 MZ01489	5933
 MZ01490	5806
 MZ01491	5383
 MZ01492	5691
 MZ01493	6165
 MZ01494	5310
 MZ01495	6013
 MZ01496	6799
 MZ01497	5418
 MZ01498	6316
 MZ01499	5867
 MZ01500	5600
 MZ01501	5540
 MZ01502	5591
 MZ01503	5604
 MZ01504	5117
 MZ01505	4981
 MZ01506	4854
 MZ01507	5222
 MZ01508	6032
 MZ01509	5155
 MZ01510	5757
 MZ01511	5763
 MZ01512	5634
 MZ01513	5455
 MZ01514	6651
 MZ01515	5747
 MZ01516	6014
 MZ01517	5907
 MZ01518	4879
 MZ01519	5550
 MZ01520	6067
 MZ01521	5403
 MZ01522	5370
 MZ01523	5283
 MZ01524	5215
 MZ01525	5421
 MZ01526	6138
 MZ01527	5140
 MZ01528	5016
 MZ01529	6781
 MZ01530	5759
 MZ01531	4218
 MZ01532	5192
 MZ01533	4503
 MZ01534	5450
 MZ01535	6296
 MZ01536	6111
 MZ01537	4241
 MZ01538	5867
 MZ01539	5349
 MZ01540	5753
 MZ01541	6350
 MZ01542	5635
 MZ01543	5585
 MZ01544	6284
 MZ01545	5715
 MZ01546	4755
 MZ01547	5095
 MZ01548	5457
 MZ01549	4589
 MZ01550	5066
 MZ01551	5524
 MZ01552	4951
 MZ01553	5209
 MZ01554	4711
 MZ01555	4773
 MZ01556	6323
 MZ01557	4866
 MZ01558	5064
 MZ01559	5746
 MZ01560	5289
 MZ01561	4471
 MZ01562	4851
 MZ01563	5083
 MZ01564	4030
 MZ01565	5498
 MZ01566	6027
 MZ01567	5949
 MZ01568	5531
 MZ01569	4993
 MZ01570	5260
 MZ01571	5912
 MZ01572	5459
 MZ01573	4761
 MZ01574	4837
 MZ01575	5918
 MZ01576	4622
 MZ01577	5319
 MZ01578	5212
 MZ01579	5061
 MZ01580	5025
 MZ01581	4418
 MZ01582	6168
 MZ01583	6065
 MZ01584	5780
 MZ01585	4962
 MZ01586	6553
 MZ01587	5124
 MZ01588	4686
 MZ01589	4361
 MZ01590	4536
 MZ01591	5077
 MZ01592	5874
 MZ01593	5423
 MZ01594	5279
 MZ01595	5261
 MZ01596	4519
 MZ01597	5005
 MZ01598	5961
 MZ01599	5895
 MZ01600	5141
 MZ01601	5641
 MZ01602	5120
 MZ01603	4486
 MZ01604	5464
 MZ01605	4411
 MZ01606	3715
 MZ01607	4304
 MZ01608	3815
 MZ01609	3730
 MZ01610	4897
 MZ01611	4034
 MZ01612	4455
 MZ01613	5539
 MZ01614	4359
 MZ01615	4447
 MZ01616	5610
 MZ01617	4770
 MZ01618	5095
 MZ01619	4941
 MZ01620	5325
 MZ01621	4988
 MZ01622	5469
 MZ01623	4729
 MZ01624	3583
 MZ01625	4799
 MZ01626	4372
 MZ01627	4385
 MZ01628	5228
 MZ01629	4708
 MZ01630	4947
 MZ01631	4235
 MZ01632	4392
 MZ01633	4690
 MZ01634	5102
 MZ01635	4381
 MZ01636	4350
 MZ01637	4326
 MZ01638	4603
 MZ01639	5853
 MZ01640	5078
 MZ01641	5468
 MZ01642	4997
 MZ01643	4960
 MZ01644	5088
 MZ01645	4721
 MZ01646	4910
 MZ01647	4987
 MZ01648	4426
 MZ01649	4885
 MZ01650	4801
 MZ01651	4571
 MZ01652	4986
 MZ01653	4020
 MZ01654	4683
 MZ01655	5485
 MZ01656	4057
 MZ01657	4812
 MZ01658	5419
 MZ01659	4367
 MZ01660	4320
 MZ01661	4957
 MZ01662	3655
 MZ01663	4201
 MZ01664	4503
 MZ01665	4956
 MZ01666	4411
 MZ01667	5288
 MZ01668	4824
 MZ01669	4751
 MZ01670	5153
 MZ01671	4284
 MZ01672	4649
 MZ01673	4240
 MZ01674	4372
 MZ01675	4805
 MZ01676	3911
 MZ01677	5851
 MZ01678	4355
 MZ01679	4598
 MZ01680	4109
 MZ01681	3646
 MZ01682	5519
 MZ01683	4823
 MZ01684	4757
 MZ01685	4653
 MZ01686	4312
 MZ01687	4348
 MZ01688	4536
 MZ01689	4010
 MZ01690	4133
 MZ01691	4751
 MZ01692	4101
 MZ01693	3823
 MZ01694	5247
 MZ01695	4391
 MZ01696	4513
 MZ01697	5427
 MZ01698	4362
 MZ01699	4287
 MZ01700	5003
 MZ01701	4688
 MZ01702	4389
 MZ01703	5004
 MZ01704	4782
 MZ01705	4043
 MZ01706	5334
 MZ01707	5214
 MZ01708	4243
 MZ01709	4423
 MZ01710	4065
 MZ01711	3985
 MZ01712	5905
 MZ01713	4800
 MZ01714	4605
 MZ01715	4492
 MZ01716	4312
 MZ01717	3897
 MZ01718	4507
 MZ01719	3223
 MZ01720	3884
 MZ01721	4277
 MZ01722	4198
 MZ01723	5831
 MZ01724	5520
 MZ01725	4598
 MZ01726	4565
 MZ01727	4614
 MZ01728	4282
 MZ01729	4232
 MZ01730	4276
 MZ01731	4276
 MZ01732	4223
 MZ01733	4223
 MZ01734	5166
 MZ01735	4567
 MZ01736	4090
 MZ01737	3943
 MZ01738	3299
 MZ01739	4344
 MZ01740	4311
 MZ01741	3701
 MZ01742	4169
 MZ01743	4078
 MZ01744	4183
 MZ01745	4562
 MZ01746	4607
 MZ01747	4042
 MZ01748	3835
 MZ01749	4737
 MZ01750	4470
 MZ01751	4341
 MZ01752	3840
 MZ01753	3853
 MZ01754	3973
 MZ01755	3221
 MZ01756	3891
 MZ01757	3986
 MZ01758	4377
 MZ01759	3492
 MZ01760	3575
 MZ01761	5153
 MZ01762	4508
 MZ01763	4625
 MZ01764	3881
 MZ01765	3655
 MZ01766	4289
 MZ01767	2929
 MZ01768	4008
 MZ01769	4343
 MZ01770	3849
 MZ01771	4163
 MZ01772	5223
 MZ01773	4160
 MZ01774	4127
 MZ01775	4517
 MZ01776	3755
 MZ01777	3406
 MZ01778	4032
 MZ01779	4683
 MZ01780	5014
 MZ01781	4150
 MZ01782	4298
 MZ01783	3872
 MZ01784	4404
 MZ01785	3511
 MZ01786	3298
 MZ01787	4400
 MZ01788	4061
 MZ01789	4657
 MZ01790	4128
 MZ01791	3874
 MZ01792	3952
 MZ01793	3925
 MZ01794	4074
 MZ01795	3721
 MZ01796	3428
 MZ01797	3897
 MZ01798	3794
 MZ01799	4078
 MZ01800	3938
 MZ01801	4016
 MZ01802	3701
 MZ01803	3986
 MZ01804	4227
 MZ01805	4098
 MZ01806	3770
 MZ01807	3953
 MZ01808	4950
 MZ01809	3297
 MZ01810	3506
 MZ01811	5127
 MZ01812	3483
 MZ01813	2746
 MZ01814	3182
 MZ01815	3975
 MZ01816	4194
 MZ01817	3864
 MZ01818	3883
 MZ01819	4673
 MZ01820	3845
 MZ01821	3838
 MZ01822	4134
 MZ01823	3997
 MZ01824	3266
 MZ01825	3634
 MZ01826	4773
 MZ01827	4227
 MZ01828	3422
 MZ01829	4176
 MZ01830	4235
 MZ01831	3237
 MZ01832	3766
 MZ01833	4527
 MZ01834	3211
 MZ01835	3874
 MZ01836	3533
 MZ01837	4251
 MZ01838	3989
 MZ01839	3042
 MZ01840	3575
 MZ01841	4059
 MZ01842	3602
 MZ01843	3576
 MZ01844	4373
 MZ01845	3928
 MZ01846	3085
 MZ01847	4004
 MZ01848	3704
 MZ01849	3433
 MZ01850	4010
 MZ01851	3920
 MZ01852	3366
 MZ01853	4138
 MZ01854	3123
 MZ01855	3766
 MZ01856	3351
 MZ01857	4140
 MZ01858	3972
 MZ01859	4407
 MZ01860	3527
 MZ01861	3423
 MZ01862	4389
 MZ01863	4452
 MZ01864	4552
 MZ01865	4024
 MZ01866	3356
 MZ01867	3189
 MZ01868	4367
 MZ01869	3554
 MZ01870	3251
 MZ01871	3531
 MZ01872	4235
 MZ01873	3723
 MZ01874	3887
 MZ01875	4655
 MZ01876	3131
 MZ01877	3084
 MZ01878	3800
 MZ01879	3203
 MZ01880	3463
 MZ01881	3680
 MZ01882	3674
 MZ01883	3989
 MZ01884	3545
 MZ01885	3561
 MZ01886	4529
 MZ01887	3617
 MZ01888	4127
 MZ01889	4107
 MZ01890	3166
 MZ01891	5686
 MZ01892	3486
 MZ01893	3771
 MZ01894	3960
 MZ01895	3818
 MZ01896	3446
 MZ01897	3270
 MZ01898	3546
 MZ01899	3647
 MZ01900	3294
 MZ01901	3998
 MZ01902	3943
 MZ01903	3386
 MZ01904	3216
 MZ01905	4049
 MZ01906	3523
 MZ01907	4609
 MZ01908	3313
 MZ01909	3758
 MZ01910	3566
 MZ01911	3610
 MZ01912	3806
 MZ01913	4316
 MZ01914	4262
 MZ01915	4131
 MZ01916	3630
 MZ01917	3481
 MZ01918	2892
 MZ01919	3718
 MZ01920	3967
 MZ01921	3565
 MZ01922	3546
 MZ01923	3879
 MZ01924	3705
 MZ01925	3620
 MZ01926	2988
 MZ01927	3760
 MZ01928	3637
 MZ01929	3916
 MZ01930	3456
 MZ01931	4015
 MZ01932	3713
 MZ01933	3156
 MZ01934	3588
 MZ01935	3551
 MZ01936	3486
 MZ01937	3526
 MZ01938	3661
 MZ01939	3455
 MZ01940	4063
 MZ01941	3429
 MZ01942	3145
 MZ01943	3257
 MZ01944	2917
 MZ01945	4110
 MZ01946	4148
 MZ01947	3536
 MZ01948	3923
 MZ01949	3988
 MZ01950	3791
 MZ01951	3332
 MZ01952	3594
 MZ01953	3623
 MZ01954	3603
 MZ01955	3785
 MZ01956	3732
 MZ01957	3729
 MZ01958	4143
 MZ01959	3164
 MZ01960	3273
 MZ01961	3537
 MZ01962	3575
 MZ01963	3688
 MZ01964	3944
 MZ01965	3733
 MZ01966	3502
 MZ01967	2907
 MZ01968	3368
 MZ01969	3945
 MZ01970	4746
 MZ01971	4542
 MZ01972	3747
 MZ01973	3624
 MZ01974	3292
 MZ01975	2868
 MZ01976	3637
 MZ01977	3105
 MZ01978	2737
 MZ01979	3074
 MZ01980	3812
 MZ01981	3180
 MZ01982	3767
 MZ01983	3634
 MZ01984	3174
 MZ01985	3586
 MZ01986	3275
 MZ01987	3184
 MZ01988	3737
 MZ01989	3310
 MZ01990	3473
 MZ01991	3306
 MZ01992	3833
 MZ01993	4152
 MZ01994	3387
 MZ01995	3416
 MZ01996	3712
 MZ01997	3617
 MZ01998	3939
 MZ01999	2481
 MZ02000	2944
 MZ02001	3301
 MZ02002	3405
 MZ02003	2859
 MZ02004	2827
 MZ02005	2746
 MZ02006	2924
 MZ02007	3933
 MZ02008	2562
 MZ02009	2826
 MZ02010	3399
 MZ02011	2849
 MZ02012	2512
 MZ02013	2621
 MZ02014	3916
 MZ02015	2910
 MZ02016	3188
 MZ02017	2911
 MZ02018	2975
 MZ02019	3300
 MZ02020	2988
 MZ02021	3220
 MZ02022	2972
 MZ02023	3379
 MZ02024	2461
 MZ02025	2995
 MZ02026	3168
 MZ02027	3512
 MZ02028	3407
 MZ02029	2494
 MZ02030	2748
 MZ02031	2483
 MZ02032	3805
 MZ02033	3579
 MZ02034	2959
 MZ02035	2790
 MZ02036	2769
 MZ02037	2508
 MZ02038	2503
 MZ02039	2846
 MZ02040	3131
 MZ02041	3205
 MZ02042	3526
 MZ02043	3218
 MZ02044	2534
 MZ02045	3671
 MZ02046	3184
 MZ02047	3593
 MZ02048	2918
 MZ02049	3971
 MZ02050	3393
 MZ02051	3238
 MZ02052	3053
 MZ02053	2935
 MZ02054	3466
 MZ02055	3380
 MZ02056	2411
 MZ02057	3255
 MZ02058	3293
 MZ02059	2555
 MZ02060	2911
 MZ02061	2775
 MZ02062	3483
 MZ02063	3290
 MZ02064	2752
 MZ02065	2917
 MZ02066	2961
 MZ02067	3324
 MZ02068	3021
 MZ02069	2134
 MZ02070	3207
 MZ02071	3685
 MZ02072	2935
 MZ02073	3628
 MZ02074	2404
 MZ02075	3043
 MZ02076	2657
 MZ02077	2463
 MZ02078	2978
 MZ02079	2931
 MZ02080	3518
 MZ02081	2586
 MZ02082	2822
 MZ02083	3217
 MZ02084	2932
 MZ02085	3546
 MZ02086	2604
 MZ02087	3012
 MZ02088	3636
 MZ02089	3404
 MZ02090	3215
 MZ02091	3045
 MZ02092	2984
 MZ02093	2913
 MZ02094	2508
 MZ02095	2270
 MZ02096	2579
 MZ02097	2812
 MZ02098	2969
 MZ02099	2653
 MZ02100	2988
 MZ02101	2971
 MZ02102	3049
 MZ02103	3711
 MZ02104	2564
 MZ02105	2757
 MZ02106	2945
 MZ02107	3230
 MZ02108	3128
 MZ02109	3155
 MZ02110	3300
 MZ02111	2838
 MZ02112	3164
 MZ02113	2624
 MZ02114	2450
 MZ02115	3020
 MZ02116	2710
 MZ02117	2596
 MZ02118	2997
 MZ02119	2920
 MZ02120	2141
 MZ02121	3328
 MZ02122	2681
 MZ02123	3468
 MZ02124	2813
 MZ02125	2612
 MZ02126	2372
 MZ02127	2856
 MZ02128	2436
 MZ02129	2969
 MZ02130	3079
 MZ02131	2013
 MZ02132	2391
 MZ02133	2840
 MZ02134	3085
 MZ02135	3075
 MZ02136	3328
 MZ02137	2502
 MZ02138	3077
 MZ02139	2926
 MZ02140	3211
 MZ02141	3053
 MZ02142	2896
 MZ02143	2372
 MZ02144	3122
 MZ02145	3372
 MZ02146	2418
 MZ02147	3214
 MZ02148	3054
 MZ02149	2880
 MZ02150	3499
 MZ02151	3789
 MZ02152	2389
 MZ02153	3701
 MZ02154	3476
 MZ02155	2808
 MZ02156	2837
 MZ02157	2809
 MZ02158	2245
 MZ02159	3295
 MZ02160	2544
 MZ02161	2572
 MZ02162	2197
 MZ02163	3351
 MZ02164	2819
 MZ02165	2280
 MZ02166	3070
 MZ02167	3135
 MZ02168	2558
 MZ02169	3491
 MZ02170	3132
 MZ02171	2355
 MZ02172	3531
 MZ02173	3167
 MZ02174	2613
 MZ02175	2814
 MZ02176	3055
 MZ02177	3013
 MZ02178	3359
 MZ02179	3149
 MZ02180	2389
 MZ02181	2765
 MZ02182	2959
 MZ02183	3114
 MZ02184	2982
 MZ02185	2874
 MZ02186	3164
 MZ02187	2802
 MZ02188	2636
 MZ02189	2764
 MZ02190	2010
 MZ02191	2378
 MZ02192	2763
 MZ02193	3182
 MZ02194	3288
 MZ02195	3517
 MZ02196	3340
 MZ02197	2174
 MZ02198	2512
 MZ02199	2826
 MZ02200	2041
 MZ02201	2652
 MZ02202	2990
 MZ02203	3098
 MZ02204	2644
 MZ02205	2233
 MZ02206	2499
 MZ02207	3064
 MZ02208	3173
 MZ02209	2282
 MZ02210	2508
 MZ02211	3357
 MZ02212	3551
 MZ02213	2961
 MZ02214	3315
 MZ02215	2571
 MZ02216	2769
 MZ02217	2471
 MZ02218	2302
 MZ02219	2287
 MZ02220	3639
 MZ02221	2246
 MZ02222	2197
 MZ02223	2089
 MZ02224	2304
 MZ02225	3606
 MZ02226	2951
 MZ02227	2698
 MZ02228	2784
 MZ02229	3063
 MZ02230	2654
 MZ02231	2382
 MZ02232	2399
 MZ02233	2661
 MZ02234	2982
 MZ02235	3358
 MZ02236	2430
 MZ02237	2296
 MZ02238	2701
 MZ02239	3059
 MZ02240	2203
 MZ02241	2933
 MZ02242	2244
 MZ02243	2768
 MZ02244	2617
 MZ02245	2250
 MZ02246	1804
 MZ02247	1909
 MZ02248	2337
 MZ02249	2897
 MZ02250	2280
 MZ02251	2490
 MZ02252	2239
 MZ02253	2244
 MZ02254	1924
 MZ02255	2246
 MZ02256	2937
 MZ02257	2306
 MZ02258	2718
 MZ02259	2856
 MZ02260	4339
 MZ02261	3318
 MZ02262	2475
 MZ02263	2770
 MZ02264	2579
 MZ02265	3005
 MZ02266	3044
 MZ02267	2644
 MZ02268	2724
 MZ02269	2053
 MZ02270	2692
 MZ02271	2576
 MZ02272	3091
 MZ02273	3042
 MZ02274	2364
 MZ02275	1371
 MZ02276	2086
 MZ02277	2971
 MZ02278	2649
 MZ02279	2355
 MZ02280	2500
 MZ02281	2944
 MZ02282	3266
 MZ02283	2805
 MZ02284	2882
 MZ02285	2429
 MZ02286	2581
 MZ02287	2187
 MZ02288	2074
 MZ02289	2109
 MZ02290	2014
 MZ02291	2511
 MZ02292	2574
 MZ02293	2297
 MZ02294	2497
 MZ02295	2684
 MZ02296	3406
 MZ02297	3544
 MZ02298	3198
 MZ02299	2779
 MZ02300	2484
 MZ02301	2197
 MZ02302	2519
 MZ02303	2216
 MZ02304	1986
 MZ02305	2204
 MZ02306	2495
 MZ02307	2770
 MZ02308	2124
 MZ02309	2609
 MZ02310	2589
 MZ02311	2392
 MZ02312	2551
 MZ02313	3108
 MZ02314	2600
 MZ02315	3087
 MZ02316	2726
 MZ02317	3100
 MZ02318	2134
 MZ02319	2438
 MZ02320	2538
 MZ02321	2668
 MZ02322	2780
 MZ02323	3005
 MZ02324	2062
 MZ02325	2276
 MZ02326	2408
 MZ02327	2129
 MZ02328	2223
 MZ02329	2537
 MZ02330	3010
 MZ02331	2454
 MZ02332	1966
 MZ02333	1870
 MZ02334	3562
 MZ02335	1850
 MZ02336	2265
 MZ02337	2901
 MZ02338	2868
 MZ02339	2766
 MZ02340	2959
 MZ02341	2627
 MZ02342	2543
 MZ02343	2637
 MZ02344	1761
 MZ02345	1684
 MZ02346	2277
 MZ02347	1906
 MZ02348	2701
 MZ02349	2211
 MZ02350	2071
 MZ02351	2330
 MZ02352	2945
 MZ02353	2943
 MZ02354	2290
 MZ02355	2553
 MZ02356	2348
 MZ02357	2206
 MZ02358	2330
 MZ02359	1522
 MZ02360	1854
 MZ02361	1929
 MZ02362	2008
 MZ02363	2020
 MZ02364	3261
 MZ02365	2689
 MZ02366	2499
 MZ02367	2515
 MZ02368	1985
 MZ02369	2270
 MZ02370	2261
 MZ02371	2134
 MZ02372	2231
 MZ02373	2035
 MZ02374	1885
 MZ02375	2006
 MZ02376	2096
 MZ02377	2608
 MZ02378	1888
 MZ02379	2257
 MZ02380	2299
 MZ02381	1925
 MZ02382	1794
 MZ02383	2605
 MZ02384	2281
 MZ02385	2020
 MZ02386	2441
 MZ02387	2780
 MZ02388	2565
 MZ02389	1785
 MZ02390	2302
 MZ02391	2823
 MZ02392	2531
 MZ02393	2356
 MZ02394	1906
 MZ02395	2192
 MZ02396	2155
 MZ02397	2470
 MZ02398	2788
 MZ02399	1751
 MZ02400	1927
 MZ02401	1780
 MZ02402	2289
 MZ02403	1964
 MZ02404	2782
 MZ02405	2106
 MZ02406	2925
 MZ02407	2831
 MZ02408	2748
 MZ02409	2695
 MZ02410	2514
 MZ02411	2217
 MZ02412	2479
 MZ02413	1807
 MZ02414	1705
 MZ02415	2311
 MZ02416	2385
 MZ02417	1861
 MZ02418	2270
 MZ02419	1996
 MZ02420	1972
 MZ02421	2582
 MZ02422	2151
 MZ02423	2740
 MZ02424	2581
 MZ02425	2079
 MZ02426	2453
 MZ02427	2094
 MZ02428	2001
 MZ02429	1835
 MZ02430	2103
 MZ02431	2197
 MZ02432	2058
 MZ02433	1747
 MZ02434	2155
 MZ02435	2178
 MZ02436	2194
 MZ02437	1850
 MZ02438	2109
 MZ02439	2569
 MZ02440	2844
 MZ02441	3469
 MZ02442	2551
 MZ02443	2494
 MZ02444	2699
 MZ02445	2575
 MZ02446	2473
 MZ02447	2796
 MZ02448	2145
 MZ02449	2015
 MZ02450	2144
 MZ02451	1881
 MZ02452	1788
 MZ02453	1826
 MZ02454	2434
 MZ02455	3122
 MZ02456	1385
 MZ02457	1952
 MZ02458	2787
 MZ02459	2336
 MZ02460	2163
 MZ02461	2074
 MZ02462	1843
 MZ02463	2493
 MZ02464	2746
 MZ02465	2023
 MZ02466	1948
 MZ02467	1794
 MZ02468	2209
 MZ02469	2382
 MZ02470	1846
 MZ02471	1657
 MZ02472	2260
 MZ02473	1425
 MZ02474	2198
 MZ02475	2426
 MZ02476	1979
 MZ02477	1482
 MZ02478	2502
 MZ02479	2321
 MZ02480	1713
 MZ02481	2148
 MZ02482	2148
 MZ02483	2020
 MZ02484	2249
 MZ02485	1881
 MZ02486	1950
 MZ02487	2350
 MZ02488	2165
 MZ02489	2050
 MZ02490	2011
 MZ02491	1964
 MZ02492	1655
 MZ02493	2077
 MZ02494	2423
 MZ02495	1498
 MZ02496	1859
 MZ02497	2605
 MZ02498	3535
 MZ02499	2091
 MZ02500	2413
 MZ02501	2217
 MZ02502	2174
 MZ02503	2036
 MZ02504	1992
 MZ02505	1907
 MZ02506	1925
 MZ02507	1830
 MZ02508	1779
 MZ02509	2015
 MZ02510	1984
 MZ02511	2142
 MZ02512	2509
 MZ02513	1939
 MZ02514	2256
 MZ02515	2237
 MZ02516	1997
 MZ02517	2483
 MZ02518	2892
 MZ02519	2402
 MZ02520	2259
 MZ02521	2262
 MZ02522	1490
 MZ02523	1748
 MZ02524	2151
 MZ02525	1565
 MZ02526	2062
 MZ02527	2325
 MZ02528	1853
 MZ02529	1742
 MZ02530	1872
 MZ02531	2654
 MZ02532	2585
 MZ02533	1996
 MZ02534	1791
 MZ02535	1999
 MZ02536	2742
 MZ02537	2142
 MZ02538	1859
 MZ02539	1945
 MZ02540	1974
 MZ02541	2088
 MZ02542	1775
 MZ02543	2449
 MZ02544	2911
 MZ02545	1964
 MZ02546	1549
 MZ02547	2040
 MZ02548	1678
 MZ02549	1720
 MZ02550	2248
 MZ02551	1947
 MZ02552	1905
 MZ02553	2158
 MZ02554	2771
 MZ02555	2476
 MZ02556	2046
 MZ02557	1803
 MZ02558	1519
 MZ02559	1741
 MZ02560	2383
 MZ02561	1560
 MZ02562	1738
 MZ02563	1621
 MZ02564	1848
 MZ02565	1222
 MZ02566	2505
 MZ02567	1701
 MZ02568	2131
 MZ02569	1906
 MZ02570	2002
 MZ02571	2315
 MZ02572	2093
 MZ02573	2318
 MZ02574	2812
 MZ02575	2488
 MZ02576	1788
 MZ02577	2229
 MZ02578	2371
 MZ02579	4903
 MZ02580	2256
 MZ02581	1647
 MZ02582	1654
 MZ02583	2035
 MZ02584	1946
 MZ02585	1701
 MZ02586	1764
 MZ02587	2104
 MZ02588	2105
 MZ02589	2556
 MZ02590	2057
 MZ02591	1500
 MZ02592	1588
 MZ02593	2756
 MZ02594	1730
 MZ02595	1619
 MZ02596	2038
 MZ02597	2128
 MZ02598	2095
 MZ02599	1451
 MZ02600	2394
 MZ02601	2891
 MZ02602	2806
 MZ02603	1969
 MZ02604	1856
 MZ02605	1458
 MZ02606	1762
 MZ02607	2338
 MZ02608	1994
 MZ02609	1803
 MZ02610	1498
 MZ02611	2399
 MZ02612	2255
 MZ02613	1797
 MZ02614	1942
 MZ02615	1832
 MZ02616	1695
 MZ02617	2436
 MZ02618	1519
 MZ02619	1228
 MZ02620	1780
 MZ02621	2255
 MZ02622	1666
 MZ02623	1652
 MZ02624	2094
 MZ02625	1998
 MZ02626	2492
 MZ02627	1949
 MZ02628	1872
 MZ02629	1567
 MZ02630	1958
 MZ02631	2509
 MZ02632	2069
 MZ02633	1882
 MZ02634	1998
 MZ02635	1949
 MZ02636	2014
 MZ02637	1918
 MZ02638	1890
 MZ02639	1750
 MZ02640	1823
 MZ02641	1414
 MZ02642	1474
 MZ02643	1861
 MZ02644	1690
 MZ02645	1481
 MZ02646	1943
 MZ02647	1684
 MZ02648	1488
 MZ02649	1574
 MZ02650	2167
 MZ02651	1666
 MZ02652	1887
 MZ02653	1687
 MZ02654	1886
 MZ02655	1567
 MZ02656	1684
 MZ02657	1554
 MZ02658	2122
 MZ02659	2382
 MZ02660	1924
 MZ02661	1903
 MZ02662	1807
 MZ02663	1517
 MZ02664	1757
 MZ02665	1377
 MZ02666	1641
 MZ02667	1770
 MZ02668	1815
 MZ02669	1769
 MZ02670	1527
 MZ02671	1453
 MZ02672	1584
 MZ02673	1679
 MZ02674	2452
 MZ02675	1934
 MZ02676	1673
 MZ02677	1301
 MZ02678	1450
 MZ02679	1896
 MZ02680	2031
 MZ02681	1452
 MZ02682	1345
 MZ02683	2095
 MZ02684	1270
 MZ02685	1390
 MZ02686	1673
 MZ02687	1620
 MZ02688	1862
 MZ02689	1792
 MZ02690	1959
 MZ02691	2234
 MZ02692	2195
 MZ02693	2101
 MZ02694	1929
 MZ02695	1559
 MZ02696	1440
 MZ02697	1881
 MZ02698	2596
 MZ02699	2182
 MZ02700	1244
 MZ02701	1151
 MZ02702	1616
 MZ02703	1503
 MZ02704	2329
 MZ02705	1786
 MZ02706	1616
 MZ02707	1983
 MZ02708	1796
 MZ02709	1713
 MZ02710	1866
 MZ02711	1682
 MZ02712	1475
 MZ02713	1450
 MZ02714	1827
 MZ02715	2108
 MZ02716	2412
 MZ02717	1526
 MZ02718	1566
 MZ02719	1692
 MZ02720	1484
 MZ02721	1409
 MZ02722	1772
 MZ02723	1861
 MZ02724	2246
 MZ02725	1284
 MZ02726	2033
 MZ02727	1670
 MZ02728	2333
 MZ02729	2142
 MZ02730	2630
 MZ02731	1749
 MZ02732	2065
 MZ02733	2126
 MZ02734	2078
 MZ02735	1705
 MZ02736	1838
 MZ02737	1784
 MZ02738	1788
 MZ02739	2090
 MZ02740	1820
 MZ02741	1112
 MZ02742	1807
 MZ02743	1630
 MZ02744	1645
 MZ02745	1715
 MZ02746	1873
 MZ02747	1733
 MZ02748	1845
 MZ02749	1384
 MZ02750	1546
 MZ02751	1694
 MZ02752	2125
 MZ02753	1331
 MZ02754	1724
 MZ02755	1364
 MZ02756	1474
 MZ02757	1650
 MZ02758	2123
 MZ02759	2614
 MZ02760	2258
 MZ02761	1617
 MZ02762	1105
 MZ02763	1844
 MZ02764	2547
 MZ02765	1591
 MZ02766	1051
 MZ02767	1360
 MZ02768	1513
 MZ02769	1718
 MZ02770	1982
 MZ02771	2112
 MZ02772	1685
 MZ02773	1592
 MZ02774	1089
 MZ02775	1405
 MZ02776	1497
 MZ02777	1443
 MZ02778	1825
 MZ02779	1530
 MZ02780	1661
 MZ02781	1554
 MZ02782	1546
 MZ02783	2209
 MZ02784	1858
 MZ02785	1138
 MZ02786	1367
 MZ02787	2266
 MZ02788	2173
 MZ02789	1817
 MZ02790	1292
 MZ02791	1593
 MZ02792	1316
 MZ02793	1744
 MZ02794	2366
 MZ02795	1753
 MZ02796	1955
 MZ02797	1646
 MZ02798	1295
 MZ02799	1767
 MZ02800	1730
 MZ02801	1401
 MZ02802	1635
 MZ02803	1508
 MZ02804	1858
 MZ02805	1589
 MZ02806	1730
 MZ02807	1614
 MZ02808	1830
 MZ02809	1401
 MZ02810	1503
 MZ02811	1941
 MZ02812	1651
 MZ02813	1227
 MZ02814	1874
 MZ02815	1892
 MZ02816	2150
 MZ02817	1772
 MZ02818	1842
 MZ02819	1583
 MZ02820	1653
 MZ02821	1633
 MZ02822	1669
 MZ02823	1558
 MZ02824	2081
 MZ02825	1908
 MZ02826	1693
 MZ02827	1328
 MZ02828	1466
 MZ02829	1736
 MZ02830	1509
 MZ02831	1326
 MZ02832	1634
 MZ02833	1484
 MZ02834	1932
 MZ02835	2199
 MZ02836	2448
 MZ02837	1657
 MZ02838	1733
 MZ02839	1820
 MZ02840	2073
 MZ02841	1972
 MZ02842	1633
 MZ02843	1345
 MZ02844	1727
 MZ02845	1482
 MZ02846	1116
 MZ02847	1113
 MZ02848	2044
 MZ02849	1402
 MZ02850	1559
 MZ02851	1554
 MZ02852	1838
 MZ02853	1693
 MZ02854	1591
 MZ02855	1423
 MZ02856	1659
 MZ02857	1225
 MZ02858	1282
 MZ02859	1652
 MZ02860	1542
 MZ02861	1683
 MZ02862	1574
 MZ02863	1746
 MZ02864	1698
 MZ02865	1500
 MZ02866	1631
 MZ02867	1714
 MZ02868	1515
 MZ02869	1636
 MZ02870	1552
 MZ02871	1706
 MZ02872	2231
 MZ02873	2244
 MZ02874	1600
 MZ02875	1413
 MZ02876	1280
 MZ02877	1281
 MZ02878	1233
 MZ02879	1498
 MZ02880	985
 MZ02881	1228
 MZ02882	1395
 MZ02883	1495
 MZ02884	1508
 MZ02885	1119
 MZ02886	1028
 MZ02887	1502
 MZ02888	1173
 MZ02889	1697
 MZ02890	1884
 MZ02891	1461
 MZ02892	1694
 MZ02893	1658
 MZ02894	2084
 MZ02895	1635
 MZ02896	1511
 MZ02897	1150
 MZ02898	1376
 MZ02899	1872
 MZ02900	1400
 MZ02901	1418
 MZ02902	1529
 MZ02903	1330
 MZ02904	1416
 MZ02905	1526
 MZ02906	1201
 MZ02907	1303
 MZ02908	1794
 MZ02909	1755
 MZ02910	1236
 MZ02911	1858
 MZ02912	1058
 MZ02913	1325
 MZ02914	1555
 MZ02915	1479
 MZ02916	1238
 MZ02917	1389
 MZ02918	1603
 MZ02919	1593
 MZ02920	1772
 MZ02921	1456
 MZ02922	1317
 MZ02923	1391
 MZ02924	1260
 MZ02925	1486
 MZ02926	2013
 MZ02927	1291
 MZ02928	1141
 MZ02929	1932
 MZ02930	1948
 MZ02931	1549
 MZ02932	1423
 MZ02933	1202
 MZ02934	1329
 MZ02935	1198
 MZ02936	918
 MZ02937	1268
 MZ02938	2052
 MZ02939	1397
 MZ02940	1296
 MZ02941	1150
 MZ02942	1114
 MZ02943	977
 MZ02944	2103
 MZ02945	1356
 MZ02946	1648
 MZ02947	1595
 MZ02948	1038
 MZ02949	1707
 MZ02950	1351
 MZ02951	1761
 MZ02952	1457
 MZ02953	1697
 MZ02954	1500
 MZ02955	1338
 MZ02956	1681
 MZ02957	1428
 MZ02958	990
 MZ02959	1628
 MZ02960	1522
 MZ02961	1043
 MZ02962	1867
 MZ02963	1551
 MZ02964	1399
 MZ02965	1074
 MZ02966	1585
 MZ02967	1530
 MZ02968	2376
 MZ02969	1469
 MZ02970	1241
 MZ02971	1321
 MZ02972	1382
 MZ02973	917
 MZ02974	1937
 MZ02975	1602
 MZ02976	1595
 MZ02977	1218
 MZ02978	1616
 MZ02979	1608
 MZ02980	1628
 MZ02981	1175
 MZ02982	1063
 MZ02983	1527
 MZ02984	1423
 MZ02985	1376
 MZ02986	1826
 MZ02987	1791
 MZ02988	1311
 MZ02989	1037
 MZ02990	1213
 MZ02991	1072
 MZ02992	2163
 MZ02993	1985
 MZ02994	1837
 MZ02995	1563
 MZ02996	1538
 MZ02997	1850
 MZ02998	1573
 MZ02999	1549
 MZ03000	1285
 MZ03001	1471
 MZ03002	1409
 MZ03003	1683
 MZ03004	1874
 MZ03005	997
 MZ03006	1293
 MZ03007	1182
 MZ03008	1335
 MZ03009	1181
 MZ03010	1685
 MZ03011	1366
 MZ03012	1287
 MZ03013	1402
 MZ03014	1355
 MZ03015	1206
 MZ03016	1914
 MZ03017	1612
 MZ03018	1521
 MZ03019	1304
 MZ03020	1245
 MZ03021	1318
 MZ03022	2037
 MZ03023	1601
 MZ03024	1801
 MZ03025	1874
 MZ03026	1893
 MZ03027	1628
 MZ03028	2129
 MZ03029	1517
 MZ03030	1564
 MZ03031	1657
 MZ03032	1585
 MZ03033	1270
 MZ03034	1404
 MZ03035	1447
 MZ03036	1317
 MZ03037	1132
 MZ03038	1201
 MZ03039	1982
 MZ03040	2000
 MZ03041	952
 MZ03042	1099
 MZ03043	1217
 MZ03044	1360
 MZ03045	1345
 MZ03046	1600
 MZ03047	1236
 MZ03048	1306
 MZ03049	1415
 MZ03050	1417
 MZ03051	1592
 MZ03052	1845
 MZ03053	1328
 MZ03054	1956
 MZ03055	1217
 MZ03056	1234
 MZ03057	1533
 MZ03058	1820
 MZ03059	1641
 MZ03060	1287
 MZ03061	964
 MZ03062	762
 MZ03063	952
 MZ03064	1917
 MZ03065	1427
 MZ03066	1562
 MZ03067	1627
 MZ03068	1658
 MZ03069	2709
 MZ03070	1611
 MZ03071	1221
 MZ03072	928
 MZ03073	1019
 MZ03074	1498
 MZ03075	1319
 MZ03076	1556
 MZ03077	1536
 MZ03078	1007
 MZ03079	1352
 MZ03080	1852
 MZ03081	1408
 MZ03082	1560
 MZ03083	1556
 MZ03084	2027
 MZ03085	1850
 MZ03086	1003
 MZ03087	1345
 MZ03088	1790
 MZ03089	1677
 MZ03090	1127
 MZ03091	1126
 MZ03092	1277
 MZ03093	1411
 MZ03094	1551
 MZ03095	1175
 MZ03096	1199
 MZ03097	1111
 MZ03098	991
 MZ03099	1609
 MZ03100	1319
 MZ03101	1390
 MZ03102	1582
 MZ03103	1325
 MZ03104	1413
 MZ03105	1188
 MZ03106	1348
 MZ03107	1311
 MZ03108	1181
 MZ03109	1171
 MZ03110	974
 MZ03111	1508
 MZ03112	1703
 MZ03113	1507
 MZ03114	1277
 MZ03115	1328
 MZ03116	1490
 MZ03117	1363
 MZ03118	1452
 MZ03119	1269
 MZ03120	885
 MZ03121	1055
 MZ03122	1142
 MZ03123	1812
 MZ03124	1978
 MZ03125	1172
 MZ03126	1239
 MZ03127	1104
 MZ03128	1428
 MZ03129	1239
 MZ03130	1561
 MZ03131	1768
 MZ03132	1556
 MZ03133	1324
 MZ03134	1694
 MZ03135	1612
 MZ03136	1463
 MZ03137	1334
 MZ03138	1002
 MZ03139	1559
 MZ03140	1696
 MZ03141	1627
 MZ03142	1922
 MZ03143	1097
 MZ03144	1381
 MZ03145	1533
 MZ03146	1256
 MZ03147	1213
 MZ03148	1634
 MZ03149	2100
 MZ03150	1627
 MZ03151	1015
 MZ03152	864
 MZ03153	1246
 MZ03154	1993
 MZ03155	1265
 MZ03156	1354
 MZ03157	1063
 MZ03158	1212
 MZ03159	2034
 MZ03160	1509
 MZ03161	1145
 MZ03162	845
 MZ03163	1398
 MZ03164	1399
 MZ03165	1279
 MZ03166	1594
 MZ03167	1301
 MZ03168	1134
 MZ03169	1377
 MZ03170	1391
 MZ03171	1377
 MZ03172	1253
 MZ03173	1536
 MZ03174	2007
 MZ03175	1470
 MZ03176	1251
 MZ03177	822
 MZ03178	1439
 MZ03179	1334
 MZ03180	1577
 MZ03181	876
 MZ03182	976
 MZ03183	1491
 MZ03184	1563
 MZ03185	1277
 MZ03186	1162
 MZ03187	1477
 MZ03188	1441
 MZ03189	1592
 MZ03190	1758
 MZ03191	1631
 MZ03192	1043
 MZ03193	1034
 MZ03194	1194
 MZ03195	1188
 MZ03196	1519
 MZ03197	1205
 MZ03198	1141
 MZ03199	1311
 MZ03200	759
 MZ03201	1046
 MZ03202	1484
 MZ03203	1304
 MZ03204	993
 MZ03205	1369
 MZ03206	1198
 MZ03207	999
 MZ03208	1238
 MZ03209	1327
 MZ03210	888
 MZ03211	1001
 MZ03212	893
 MZ03213	1125
 MZ03214	1582
 MZ03215	1456
 MZ03216	1117
 MZ03217	1156
 MZ03218	1200
 MZ03219	2451
 MZ03220	1446
 MZ03221	1214
 MZ03222	814
 MZ03223	1023
 MZ03224	1299
 MZ03225	1287
 MZ03226	1259
 MZ03227	1089
 MZ03228	1188
 MZ03229	1140
 MZ03230	1371
 MZ03231	1841
 MZ03232	1730
 MZ03233	1010
 MZ03234	986
 MZ03235	1130
 MZ03236	1308
 MZ03237	1267
 MZ03238	1316
 MZ03239	1130
 MZ03240	1195
 MZ03241	1387
 MZ03242	757
 MZ03243	1282
 MZ03244	1458
 MZ03245	1139
 MZ03246	846
 MZ03247	1194
 MZ03248	743
 MZ03249	1004
 MZ03250	1294
 MZ03251	918
 MZ03252	879
 MZ03253	804
 MZ03254	609
 MZ03255	748
 MZ03256	720
 MZ03257	871
 MZ03258	621
 MZ03259	621
 MZ03260	990
 MZ03261	680
 MZ03262	789
 MZ03263	619
 MZ03264	762
 MZ03265	938
 MZ03266	1074
 MZ03267	870
 MZ03268	909
 MZ03269	680
 MZ03270	772
 MZ03271	848
 MZ03272	865
 MZ03273	810
 MZ03274	1033
 MZ03275	1082
 MZ03276	1280
 MZ03277	930
 MZ03278	992
 MZ03279	1001
 MZ03280	877
 MZ03281	587
 MZ03282	759
 MZ03283	1178
 MZ03284	1174
 MZ03285	749
 MZ03286	1108
 MZ03287	802
 MZ03288	1042
 MZ03289	836
 MZ03290	799
 MZ03291	848
 MZ03292	1190
 MZ03293	609
 MZ03294	698
 MZ03295	948
 MZ03296	810
 MZ03297	982
 MZ03298	1375
 MZ03299	1101
 MZ03300	657
 MZ03301	812
 MZ03302	1112
 MZ03303	726
 MZ03304	1229
 MZ03305	1090
 MZ03306	1140
 MZ03307	772
 MZ03308	844
 MZ03309	1041
 MZ03310	1084
 MZ03311	765
 MZ03312	662
 MZ03313	498
 MZ03314	656
 MZ03315	1111
 MZ03316	1023
 MZ03317	699
 MZ03318	697
 MZ03319	902
 MZ03320	926
 MZ03321	1096
 MZ03322	1217
 MZ03323	1289
 MZ03324	1035
 MZ03325	774
 MZ03326	765
 MZ03327	881
 MZ03328	984
 MZ03329	924
 MZ03330	795
 MZ03331	1166
 MZ03332	1074
 MZ03333	1067
 MZ03334	1052
 MZ03335	729
 MZ03336	1061
 MZ03337	1111
 MZ03338	1234
 MZ03339	1239
 MZ03340	1441
 MZ03341	1198
 MZ03342	968
 MZ03343	1183
 MZ03344	916
 MZ03345	1051
 MZ03346	1625
 MZ03347	1230
 MZ03348	917
 MZ03349	1037
 MZ03350	752
 MZ03351	723
 MZ03352	813
 MZ03353	897
 MZ03354	1637
 MZ03355	1080
 MZ03356	1066
 MZ03357	750
 MZ03358	1077
 MZ03359	841
 MZ03360	721
 MZ03361	901
 MZ03362	1093
 MZ03363	1105
 MZ03364	1103
 MZ03365	839
 MZ03366	971
 MZ03367	882
 MZ03368	1380
 MZ03369	783
 MZ03370	845
 MZ03371	1407
 MZ03372	858
 MZ03373	835
 MZ03374	604
 MZ03375	889
 MZ03376	1099
 MZ03377	809
 MZ03378	920
 MZ03379	963
 MZ03380	1235
 MZ03381	901
 MZ03382	916
 MZ03383	835
 MZ03384	1062
 MZ03385	857
 MZ03386	676
 MZ03387	729
 MZ03388	1041
 MZ03389	1095
 MZ03390	808
 MZ03391	699
 MZ03392	1381
 MZ03393	1289
 MZ03394	1331
 MZ03395	900
 MZ03396	578
 MZ03397	545
 MZ03398	533
 MZ03399	883
 MZ03400	938
 MZ03401	1064
 MZ03402	745
 MZ03403	825
 MZ03404	754
 MZ03405	788
 MZ03406	1248
 MZ03407	806
 MZ03408	804
 MZ03409	1251
 MZ03410	959
 MZ03411	1461
 MZ03412	923
 MZ03413	794
 MZ03414	663
 MZ03415	601
 MZ03416	709
 MZ03417	772
 MZ03418	834
 MZ03419	647
 MZ03420	759
 MZ03421	805
 MZ03422	911
 MZ03423	1135
 MZ03424	1371
 MZ03425	932
 MZ03426	951
 MZ03427	958
 MZ03428	1289
 MZ03429	725
 MZ03430	722
 MZ03431	732
 MZ03432	703
 MZ03433	632
 MZ03434	631
 MZ03435	679
 MZ03436	992
 MZ03437	804
 MZ03438	945
 MZ03439	852
 MZ03440	816
 MZ03441	548
 MZ03442	815
 MZ03443	717
 MZ03444	842
 MZ03445	975
 MZ03446	921
 MZ03447	987
 MZ03448	905
 MZ03449	1038
 MZ03450	1046
 MZ03451	905
 MZ03452	653
 MZ03453	787
 MZ03454	877
 MZ03455	924
 MZ03456	821
 MZ03457	634
 MZ03458	414
 MZ03459	430
 MZ03460	805
 MZ03461	805
 MZ03462	712
 MZ03463	806
 MZ03464	826
 MZ03465	775
 MZ03466	1177
 MZ03467	658
 MZ03468	984
 MZ03469	792
 MZ03470	1020
 MZ03471	895
 MZ03472	792
 MZ03473	934
 MZ03474	655
 MZ03475	604
 MZ03476	370
 MZ03477	817
 MZ03478	870
 MZ03479	959
 MZ03480	752
 MZ03481	1012
 MZ03482	951
 MZ03483	863
 MZ03484	981
 MZ03485	1012
 MZ03486	556
 MZ03487	751
 MZ03488	967
 MZ03489	771
 MZ03490	899
 MZ03491	670
 MZ03492	533
 MZ03493	971
 MZ03494	502
 MZ03495	480
 MZ03496	901
 MZ03497	864
 MZ03498	428
 MZ03499	566
 MZ03500	579
 MZ03501	930
 MZ03502	642
 MZ03503	702
 MZ03504	995
 MZ03505	642
 MZ03506	494
 MZ03507	494
 MZ03508	1012
 MZ03509	1006
 MZ03510	512
 MZ03511	532
 MZ03512	966
 MZ03513	624
 MZ03514	699
 MZ03515	477
 MZ03516	568
 MZ03517	511
 MZ03518	695
 MZ03519	617
 MZ03520	982
 MZ03521	1075
 MZ03522	505
 MZ03523	820
 MZ03524	729
 MZ03525	403
 MZ03526	560
 MZ03527	437
 MZ03528	691
 MZ03529	688
 MZ03530	715
 MZ03531	662
 MZ03532	704
 MZ03533	479
 MZ03534	1104
 MZ03535	713
 MZ03536	826
 MZ03537	814
 MZ03538	1033
 MZ03539	1044
 MZ03540	627
 MZ03541	651
 MZ03542	643
 MZ03543	576
 MZ03544	812
 MZ03545	698
 MZ03546	805
 MZ03547	766
 MZ03548	382
 MZ03549	507
 MZ03550	1050
 MZ03551	762
 MZ03552	619
 MZ03553	747
 MZ03554	734
 MZ03555	745
 MZ03556	797
 MZ03557	553
 MZ03558	755
 MZ03559	728
 MZ03560	607
 MZ03561	544
 MZ03562	636
 MZ03563	485
 MZ03564	552
 MZ03565	741
 MZ03566	858
 MZ03567	753
 MZ03568	782
 MZ03569	1226
 MZ03570	532
 MZ03571	529
 MZ03572	635
 MZ03573	634
 MZ03574	690
 MZ03575	1004
 MZ03576	676
 MZ03577	535
 MZ03578	766
 MZ03579	770
 MZ03580	1065
 MZ03581	625
 MZ03582	375
 MZ03583	485
 MZ03584	584
 MZ03585	552
 MZ03586	715
 MZ03587	758
 MZ03588	645
 MZ03589	544
 MZ03590	476
 MZ03591	761
 MZ03592	740
 MZ03593	611
 MZ03594	581
 MZ03595	661
 MZ03596	645
 MZ03597	299
 MZ03598	708
 MZ03599	587
 MZ03600	475
 MZ03601	718
 MZ03602	515
 MZ03603	694
 MZ03604	556
 MZ03605	466
 MZ03606	673
 MZ03607	519
 MZ03608	521
 MZ03609	1000
 MZ03610	643
 MZ03611	462
 MZ03612	687
 MZ03613	362
 MZ03614	457
 MZ03615	496
 MZ03616	718
 MZ03617	462
 MZ03618	846
 MZ03619	623
 MZ03620	569
 MZ03621	623
 MZ03622	570
 MZ03623	454
 MZ03624	712
 MZ03625	790
 MZ03626	745
 MZ03627	573
 MZ03628	654
 MZ03629	913
 MZ03630	547
 MZ03631	767
 MZ03632	587
 MZ03633	459
 MZ03634	485
 MZ03635	674
 MZ03636	868
 MZ03637	896
 MZ03638	598
 MZ03639	623
 MZ03640	588
 MZ03641	724
 MZ03642	609
 MZ03643	605
 MZ03644	1110
 MZ03645	524
 MZ03646	836
 MZ03647	763
 MZ03648	521
 MZ03649	760
 MZ03650	594
 MZ03651	689
 MZ03652	526
 MZ03653	495
 MZ03654	414
 MZ03655	383
 MZ03656	542
 MZ03657	544
 MZ03658	883
 MZ03659	665
 MZ03660	630
 MZ03661	494
 MZ03662	730
 MZ03663	548
 MZ03664	603
 MZ03665	403
 MZ03666	532
 MZ03667	600
 MZ03668	570
 MZ03669	472
 MZ03670	606
 MZ03671	746
 MZ03672	630
 MZ03673	776
 MZ03674	646
 MZ03675	599
 MZ03676	912
 MZ03677	773
 MZ03678	523
 MZ03679	730
 MZ03680	406
 MZ03681	482
 MZ03682	697
 MZ03683	661
 MZ03684	1035
 MZ03685	516
 MZ03686	659
 MZ03687	953
 MZ03688	1003
 MZ03689	536
 MZ03690	466
 MZ03691	466
 MZ03692	572
 MZ03693	632
 MZ03694	728
 MZ03695	747
 MZ03696	559
 MZ03697	494
 MZ03698	412
 MZ03699	808
 MZ03700	860
 MZ03701	977
 MZ03702	524
 MZ03703	715
 MZ03704	515
 MZ03705	450
 MZ03706	562
 MZ03707	366
 MZ03708	385
 MZ03709	690
 MZ03710	505
 MZ03711	824
 MZ03712	485
 MZ03713	455
 MZ03714	711
 MZ03715	777
 MZ03716	631
 MZ03717	678
 MZ03718	771
 MZ03719	660
 MZ03720	622
 MZ03721	820
 MZ03722	593
 MZ03723	457
 MZ03724	708
 MZ03725	567
 MZ03726	457
 MZ03727	425
 MZ03728	558
 MZ03729	603
 MZ03730	803
 MZ03731	563
 MZ03732	340
 MZ03733	736
 MZ03734	702
 MZ03735	714
 MZ03736	836
 MZ03737	493
 MZ03738	399
 MZ03739	672
 MZ03740	764
 MZ03741	607
 MZ03742	645
 MZ03743	507
 MZ03744	515
 MZ03745	575
 MZ03746	357
 MZ03747	309
 MZ03748	571
 MZ03749	645
 MZ03750	523
 MZ03751	706
 MZ03752	679
 MZ03753	697
 MZ03754	506
 MZ03755	628
 MZ03756	661
 MZ03757	805
 MZ03758	628
 MZ03759	478
 MZ03760	583
 MZ03761	524
 MZ03762	381
 MZ03763	532
 MZ03764	697
 MZ03765	426
 MZ03766	901
 MZ03767	776
 MZ03768	505
 MZ03769	637
 MZ03770	394
 MZ03771	614
 MZ03772	692
 MZ03773	553
 MZ03774	904
 MZ03775	607
 MZ03776	626
 MZ03777	590
 MZ03778	758
 MZ03779	647
 MZ03780	566
 MZ03781	478
 MZ03782	380
 MZ03783	486
 MZ03784	621
 MZ03785	640
 MZ03786	645
 MZ03787	443
 MZ03788	655
 MZ03789	555
 MZ03790	569
 MZ03791	722
 MZ03792	612
 MZ03793	867
 MZ03794	1009
 MZ03795	805
 MZ03796	691
 MZ03797	762
 MZ03798	588
 MZ03799	521
 MZ03800	437
 MZ03801	639
 MZ03802	626
 MZ03803	486
 MZ03804	420
 MZ03805	308
 MZ03806	529
 MZ03807	622
 MZ03808	1011
 MZ03809	570
 MZ03810	552
 MZ03811	649
 MZ03812	528
 MZ03813	730
 MZ03814	505
 MZ03815	526
 MZ03816	542
 MZ03817	501
 MZ03818	399
 MZ03819	675
 MZ03820	665
 MZ03821	797
 MZ03822	327
 MZ03823	847
 MZ03824	891
 MZ03825	556
 MZ03826	578
 MZ03827	514
 MZ03828	372
 MZ03829	635
 MZ03830	485
 MZ03831	644
 MZ03832	941
 MZ03833	896
 MZ03834	750
 MZ03835	441
 MZ03836	335
 MZ03837	487
 MZ03838	586
 MZ03839	748
 MZ03840	669
 MZ03841	661
 MZ03842	554
 MZ03843	626
 MZ03844	914
 MZ03845	784
 MZ03846	722
 MZ03847	673
 MZ03848	681
 MZ03849	611
 MZ03850	923
 MZ03851	807
 MZ03852	371
 MZ03853	431
 MZ03854	641
 MZ03855	603
 MZ03856	536
 MZ03857	494
 MZ03858	806
 MZ03859	411
 MZ03860	488
 MZ03861	514
 MZ03862	547
 MZ03863	366
 MZ03864	429
 MZ03865	471
 MZ03866	416
 MZ03867	529
 MZ03868	633
 MZ03869	613
 MZ03870	551
 MZ03871	589
 MZ03872	606
 MZ03873	474
 MZ03874	636
 MZ03875	481
 MZ03876	625
 MZ03877	672
 MZ03878	621
 MZ03879	619
 MZ03880	716
 MZ03881	635
 MZ03882	524
 MZ03883	476
 MZ03884	437
 MZ03885	550
 MZ03886	581
 MZ03887	476
 MZ03888	681
 MZ03889	622
 MZ03890	474
 MZ03891	531
 MZ03892	455
 MZ03893	381
 MZ03894	298
 MZ03895	280
 MZ03896	593
 MZ03897	484
 MZ03898	533
 MZ03899	526
 MZ03900	593
 MZ03901	501
 MZ03902	461
 MZ03903	557
 MZ03904	645
 MZ03905	650
 MZ03906	445
 MZ03907	429
 MZ03908	395
 MZ03909	457
 MZ03910	514
 MZ03911	615
 MZ03912	509
 MZ03913	371
 MZ03914	462
 MZ03915	392
 MZ03916	639
 MZ03917	438
 MZ03918	416
 MZ03919	448
 MZ03920	412
 MZ03921	415
 MZ03922	458
 MZ03923	423
 MZ03924	496
 MZ03925	606
 MZ03926	500
 MZ03927	596
 MZ03928	673
 MZ03929	686
 MZ03930	422
 MZ03931	593
 MZ03932	525
 MZ03933	336
 MZ03934	527
 MZ03935	446
 MZ03936	270
 MZ03937	324
 MZ03938	436
 MZ03939	419
 MZ03940	728
 MZ03941	606
 MZ03942	681
 MZ03943	563
 MZ03944	487
 MZ03945	341
 MZ03946	398
 MZ03947	299
 MZ03948	386
 MZ03949	507
 MZ03950	264
 MZ03951	363
 MZ03952	433
 MZ03953	443
 MZ03954	464
 MZ03955	449
 MZ03956	733
 MZ03957	594
 MZ03958	544
 MZ03959	613
 MZ03960	827
 MZ03961	546
 MZ03962	662
 MZ03963	483
 MZ03964	671
 MZ03965	553
 MZ03966	648
 MZ03967	521
 MZ03968	334
 MZ03969	447
 MZ03970	393
 MZ03971	400
 MZ03972	388
 MZ03973	445
 MZ03974	617
 MZ03975	342
 MZ03976	826
 MZ03977	561
 MZ03978	649
 MZ03979	533
 MZ03980	406
 MZ03981	478
 MZ03982	639
 MZ03983	719
 MZ03984	623
 MZ03985	664
 MZ03986	469
 MZ03987	513
 MZ03988	695
 MZ03989	489
 MZ03990	429
 MZ03991	677
 MZ03992	560
 MZ03993	654
 MZ03994	635
 MZ03995	460
 MZ03996	395
 MZ03997	555
 MZ03998	940
 MZ03999	869
 MZ04000	525
 MZ04001	388
 MZ04002	437
 MZ04003	545
 MZ04004	633
 MZ04005	517
 MZ04006	619
 MZ04007	396
 MZ04008	489
 MZ04009	652
 MZ04010	528
 MZ04011	370
 MZ04012	852
 MZ04013	899
 MZ04014	810
 MZ04015	592
 MZ04016	631
 MZ04017	711
 MZ04018	610
 MZ04019	647
 MZ04020	466
 MZ04021	566
 MZ04022	399
 MZ04023	583
 MZ04024	514
 MZ04025	528
 MZ04026	479
 MZ04027	682
 MZ04028	552
 MZ04029	742
 MZ04030	632
 MZ04031	523
 MZ04032	548
 MZ04033	615
 MZ04034	446
 MZ04035	520
 MZ04036	813
 MZ04037	885
 MZ04038	462
 MZ04039	725
 MZ04040	641
 MZ04041	356
 MZ04042	364
 MZ04043	396
 MZ04044	629
 MZ04045	450
 MZ04046	513
 MZ04047	637
 MZ04048	669
 MZ04049	1035
 MZ04050	866
 MZ04051	740
 MZ04052	641
 MZ04053	567
 MZ04054	474
 MZ04055	505
 MZ04056	700
 MZ04057	781
 MZ04058	394
 MZ04059	494
 MZ04060	279
 MZ04061	259
 MZ04062	449
 MZ04063	467
 MZ04064	775
 MZ04065	930
 MZ04066	580
 MZ04067	648
 MZ04068	380
 MZ04069	737
 MZ04070	775
 MZ04071	726
 MZ04072	747
 MZ04073	694
 MZ04074	390
 MZ04075	332
 MZ04076	401
 MZ04077	349
 MZ04078	545
 MZ04079	716
 MZ04080	664
 MZ04081	357
 MZ04082	441
 MZ04083	728
 MZ04084	812
 MZ04085	532
 MZ04086	727
 MZ04087	536
 MZ04088	447
 MZ04089	625
 MZ04090	438
 MZ04091	453
 MZ04092	559
 MZ04093	733
 MZ04094	625
 MZ04095	611
 MZ04096	516
 MZ04097	580
 MZ04098	312
 MZ04099	483
 MZ04100	617
 MZ04101	490
 MZ04102	659
 MZ04103	555
 MZ04104	776
 MZ04105	524
 MZ04106	512
 MZ04107	622
 MZ04108	667
 MZ04109	709
 MZ04110	656
 MZ04111	541
 MZ04112	564
 MZ04113	533
 MZ04114	799
 MZ04115	445
 MZ04116	371
 MZ04117	263
 MZ04118	515
 MZ04119	842
 MZ04120	779
 MZ04121	807
 MZ04122	483
 MZ04123	508
 MZ04124	679
 MZ04125	454
 MZ04126	875
 MZ04127	565
 MZ04128	801
 MZ04129	751
 MZ04130	384
 MZ04131	326
 MZ04132	464
 MZ04133	966
 MZ04134	663
 MZ04135	581
 MZ04136	468
 MZ04137	672
 MZ04138	490
 MZ04139	682
 MZ04140	655
 MZ04141	448
 MZ04142	712
 MZ04143	503
 MZ04144	878
 MZ04145	477
 MZ04146	395
 MZ04147	542
 MZ04148	662
 MZ04149	644
 MZ04150	618
 MZ04151	815
 MZ04152	546
 MZ04153	394
 MZ04154	641
 MZ04155	558
 MZ04156	512
 MZ04157	489
 MZ04158	330
 MZ04159	510
 MZ04160	406
 MZ04161	404
 MZ04162	371
 MZ04163	450
 MZ04164	579
 MZ04165	414
 MZ04166	646
 MZ04167	553
 MZ04168	632
 MZ04169	822
 MZ04170	571
 MZ04171	523
 MZ04172	443
 MZ04173	684
 MZ04174	671
 MZ04175	555
 MZ04176	444
 MZ04177	450
 MZ04178	544
 MZ04179	637
 MZ04180	640
 MZ04181	632
 MZ04182	397
 MZ04183	906
 MZ04184	820
 MZ04185	716
 MZ04186	547
 MZ04187	428
 MZ04188	443
 MZ04189	394
 MZ04190	483
 MZ04191	513
 MZ04192	367
 MZ04193	429
 MZ04194	380
 MZ04195	377
 MZ04196	411
 MZ04197	419
 MZ04198	376
 MZ04199	549
 MZ04200	344
 MZ04201	261
 MZ04202	372
 MZ04203	570
 MZ04204	601
 MZ04205	502
 MZ04206	473
 MZ04207	584
 MZ04208	643
 MZ04209	657
 MZ04210	388
 MZ04211	528
 MZ04212	331
 MZ04213	260
 MZ04214	360
 MZ04215	210
 MZ04216	415
 MZ04217	419
 MZ04218	300
 MZ04219	477
 MZ04220	379
 MZ04221	355